INSERT INTO projects (id, title, category, funding_goal, start_date, end_date) VALUES (1, "Send Me on Vacation", "vacation", 5000.00, "10/15/18", "1/1/19");
INSERT INTO projects (id, title, category, funding_goal, start_date, end_date) VALUES (2, "Feed Flatiron Students", "charity", 2000.00, "10/16/18", "1/25/19");
INSERT INTO projects (id, title, category, funding_goal, start_date, end_date) VALUES (3, "Sponsor a winter concert", "music", 10000.00, "11/1/2018", "12/23/18");
INSERT INTO projects (id, title, category, funding_goal, start_date, end_date) VALUES (4, "Picture day", "school", 1000.00, "10/16/18", "10/20/18");
INSERT INTO projects (id, title, category, funding_goal, start_date, end_date) VALUES (5, "Safari trip", "vacation", 25000.00, "10/16/18", "3/25/19");
INSERT INTO projects (id, title, category, funding_goal, start_date, end_date) VALUES (6, "Kings of Leon Concert", "music", 500.00, "10/31/18", "11/1/18");
INSERT INTO projects (id, title, category, funding_goal, start_date, end_date) VALUES (7, "Clean the Streets", "charity", 3500.00, "10/21/18", "10/28/18");
INSERT INTO projects (id, title, category, funding_goal, start_date, end_date) VALUES (8, "Super Bowl Tickets", "sports", 4000.00, "11/5/18", "2/10/18");
INSERT INTO projects (id, title, category, funding_goal, start_date, end_date) VALUES (9, "New Football Uniforms", "sports", 222.00, "9/1/18", "11/1/18");
INSERT INTO projects (id, title, category, funding_goal, start_date, end_date) VALUES (10, "Night at the Museum", "charity", 4444.00, "10/15/18", "10/16/18");

INSERT INTO users (id, name, age) VALUES (1, "Mike", 27);
INSERT INTO users (id, name, age) VALUES (2, "Robin", 26);
INSERT INTO users (id, name, age) VALUES (3, "Peter", 26);
INSERT INTO users (id, name, age) VALUES (4, "Will", 26);
INSERT INTO users (id, name, age) VALUES (5, "Daniel", 24);
INSERT INTO users (id, name, age) VALUES (6, "Christina", 29);
INSERT INTO users (id, name, age) VALUES (7, "Steve", 32);
INSERT INTO users (id, name, age) VALUES (8, "Sarah", 33);
INSERT INTO users (id, name, age) VALUES (9, "Tommy", 34);
INSERT INTO users (id, name, age) VALUES (10, "Tony", 22);
INSERT INTO users (id, name, age) VALUES (11, "Matt", 19);
INSERT INTO users (id, name, age) VALUES (12, "Isaac", 4);
INSERT INTO users (id, name, age) VALUES (13, "Charlie", 8);
INSERT INTO users (id, name, age) VALUES (14, "Bo", 25);
INSERT INTO users (id, name, age) VALUES (15, "Ross", 25);
INSERT INTO users (id, name, age) VALUES (16, "Michael", 27);
INSERT INTO users (id, name, age) VALUES (17, "Alex", 27);
INSERT INTO users (id, name, age) VALUES (18, "Tom", 40);
INSERT INTO users (id, name, age) VALUES (19, "Jim", 35);
INSERT INTO users (id, name, age) VALUES (20, "Bob", 45);

INSERT INTO pledges (id, amount, user_id, project_id) VALUES (1, 20.00, 1, 4);
INSERT INTO pledges (id, amount, user_id, project_id) VALUES (2, 50.00, 2, 7);
INSERT INTO pledges (id, amount, user_id, project_id) VALUES (3, 25.00, 3, 10);
INSERT INTO pledges (id, amount, user_id, project_id) VALUES (4, 100.00, 20, 1);
INSERT INTO pledges (id, amount, user_id, project_id) VALUES (5, 60.00, 19, 3);
INSERT INTO pledges (id, amount, user_id, project_id) VALUES (6, 75.00, 13, 8);
INSERT INTO pledges (id, amount, user_id, project_id) VALUES (7, 10.00, 18, 2);
INSERT INTO pledges (id, amount, user_id, project_id) VALUES (8, 23.00, 4, 5);
INSERT INTO pledges (id, amount, user_id, project_id) VALUES (9, 12.00, 5, 6);
INSERT INTO pledges (id, amount, user_id, project_id) VALUES (10, 11.00, 6, 9);
INSERT INTO pledges (id, amount, user_id, project_id) VALUES (11, 32.00, 17, 1);
INSERT INTO pledges (id, amount, user_id, project_id) VALUES (12, 89.00, 7, 2);
INSERT INTO pledges (id, amount, user_id, project_id) VALUES (13, 24.00, 8, 8);
INSERT INTO pledges (id, amount, user_id, project_id) VALUES (14, 7.00, 10, 10);
INSERT INTO pledges (id, amount, user_id, project_id) VALUES (15, 4.00, 12, 4);
INSERT INTO pledges (id, amount, user_id, project_id) VALUES (16, 99.00, 9, 9);
INSERT INTO pledges (id, amount, user_id, project_id) VALUES (17, 1.00, 16, 1);
INSERT INTO pledges (id, amount, user_id, project_id) VALUES (18, 7.00, 15, 5);
INSERT INTO pledges (id, amount, user_id, project_id) VALUES (19, 500.00, 11, 4);
INSERT INTO pledges (id, amount, user_id, project_id) VALUES (20, 1000.00, 1, 1);
INSERT INTO pledges (id, amount, user_id, project_id) VALUES (21, 36.00, 4, 7);
INSERT INTO pledges (id, amount, user_id, project_id) VALUES (22, 22.00, 2, 2);
INSERT INTO pledges (id, amount, user_id, project_id) VALUES (23, 777.00, 7, 10);
INSERT INTO pledges (id, amount, user_id, project_id) VALUES (24, 247.00, 2, 4);
INSERT INTO pledges (id, amount, user_id, project_id) VALUES (25, 300.00, 17, 9);
INSERT INTO pledges (id, amount, user_id, project_id) VALUES (26, 4247.00, 13, 3);
INSERT INTO pledges (id, amount, user_id, project_id) VALUES (27, 5.00, 14, 2);
INSERT INTO pledges (id, amount, user_id, project_id) VALUES (28, 9.00, 15, 5);
INSERT INTO pledges (id, amount, user_id, project_id) VALUES (29, 999.00, 19, 6);
INSERT INTO pledges (id, amount, user_id, project_id) VALUES (30, 30.00, 20, 10);


